{
  "interactive-discover-1": {
    "average": 0.056046749999997016,
    "std": 0.03676308449714171,
    "max": 0.14482799999996132,
    "min": 0.036651000000006206
  },
  "interactive-discover-2": {
    "average": 0.06154551999999626,
    "std": 0.10393953578529813,
    "max": 0.9811779999999999,
    "min": 0.030909999999948923
  },
  "interactive-discover-3": {
    "average": 0.04363390999999979,
    "std": 0.08712177767335891,
    "max": 0.8415899999999965,
    "min": 0.02957200000003013
  },
  "interactive-discover-4": {
    "average": 0.05320610000000783,
    "std": 0.06640960929748493,
    "max": 0.610683999999992,
    "min": 0.030714999999986503
  },
  "interactive-discover-5": {
    "average": 0.023275949999998602,
    "std": 0.0362318407240305,
    "max": 0.11264500000004318,
    "min": 0.015134999999986576
  },
  "interactive-discover-6": {
    "average": 0.03346505000000434,
    "std": 0.08123426162872675,
    "max": 0.8121940000000905,
    "min": 0.020304000000010092
  },
  "interactive-discover-7": {
    "average": 0.028337159999996402,
    "std": 0.022357085314577738,
    "max": 0.1083409999999958,
    "min": 0.02218500000003587
  },
  "interactive-discover-8": {
    "average": 0.05502038000000084,
    "std": 0.07689124807360097,
    "max": 0.6312749999999596,
    "min": 0.025001000000088425
  },
  "interactive-short-1-nocity": {
    "average": 0.04265719999999647,
    "std": 0.03293349478768526,
    "max": 0.10713999999995849,
    "min": 0.040591000000063104
  },
  "interactive-short-1": {
    "average": 0.07507704999999987,
    "std": 0.08856422901550458,
    "max": 0.861266999999998,
    "min": 0.05242899999996098
  },
  "interactive-short-2": {
    "average": 0.16691331999999762,
    "std": 0.11770190587206011,
    "max": 0.7855429999999615,
    "min": 0.10845900000003894
  },
  "interactive-short-3-unidir": {
    "average": 0.08941463000000795,
    "std": 0.12776740833275615,
    "max": 1.2671209999999746,
    "min": 0.06014100000004419
  },
  "interactive-short-3": {
    "average": 0.08152744000000325,
    "std": 0.08690946927161741,
    "max": 0.670221999999967,
    "min": 0.05363799999997809
  },
  "interactive-short-4-creator": {
    "average": 0.05023185999999214,
    "std": 0.0360410635960905,
    "max": 0.1599620000000641,
    "min": 0.028054999999994834
  },
  "interactive-short-4": {
    "average": 0.031215009999999665,
    "std": 0.052303458860694756,
    "max": 0.5167569999999841,
    "min": 0.02423800000008214
  },
  "interactive-short-5": {
    "average": 0.047307090000002744,
    "std": 0.032329505085553434,
    "max": 0.15478000000007341,
    "min": 0.041181000000051426
  },
  "interactive-short-6": {
    "average": 0.1054146100000105,
    "std": 0.14713786531313128,
    "max": 1.3443399999999883,
    "min": 0.05836900000008427
  },
  "interactive-short-7": {
    "average": 0.16063029999999684,
    "std": 0.1614539666157973,
    "max": 1.4300779999999804,
    "min": 0.11156399999993027
  }
}