{
  "interactive-discover-1": {
    "average": 0.16763844000000291,
    "std": 0.560407246432522,
    "max": 5.522512000000006,
    "min": 0.0583480000000236
  },
  "interactive-discover-2": {
    "average": 0.18794687999999893,
    "std": 0.14477808336231882,
    "max": 1.5507259999999974,
    "min": 0.11869999999998981
  },
  "interactive-discover-3": {
    "average": 0.1137615599999998,
    "std": 0.17219701995393547,
    "max": 1.2656610000000228,
    "min": 0.058504000000027645
  },
  "interactive-discover-4": {
    "average": 0.20687106000000027,
    "std": 0.3448199065580273,
    "max": 3.531504000000041,
    "min": 0.0847840000000133
  },
  "interactive-discover-5": {
    "average": 0.07532622000000117,
    "std": 0.09907594836562787,
    "max": 0.9342919999999708,
    "min": 0.05277499999999691
  },
  "interactive-discover-6": {
    "average": 0.09923479999999983,
    "std": 0.1206067371085678,
    "max": 1.2004539999999793,
    "min": 0.06544500000001108
  },
  "interactive-discover-7": {
    "average": 0.08839568999999756,
    "std": 0.17239871058263034,
    "max": 1.3438090000000216,
    "min": 0.034852999999998246
  },
  "interactive-discover-8": {
    "average": 0.10228680000000111,
    "std": 0.15157460723954913,
    "max": 1.293442999999968,
    "min": 0.042734999999993306
  },
  "interactive-short-1-nocity": {
    "average": 0.0811371400000013,
    "std": 0.1471875968472173,
    "max": 1.488758999999959,
    "min": 0.048251000000050226
  },
  "interactive-short-1": {
    "average": 0.14425775999999588,
    "std": 0.27698795007549104,
    "max": 2.3911999999999694,
    "min": 0.08346199999999726
  },
  "interactive-short-2": {
    "average": 0.4065508599999981,
    "std": 0.48279868396012754,
    "max": 3.2180380000000355,
    "min": 0.21004199999998718
  },
  "interactive-short-3-unidir": {
    "average": 0.12309127999999475,
    "std": 0.11882152386479147,
    "max": 1.0073639999999386,
    "min": 0.08598200000005818
  },
  "interactive-short-3": {
    "average": 0.1740097399999945,
    "std": 0.10878809303644035,
    "max": 0.6323079999999663,
    "min": 0.12017900000000736
  },
  "interactive-short-4-creator": {
    "average": 0.07401554999999803,
    "std": 0.07532717143752223,
    "max": 0.6630600000000868,
    "min": 0.0479569999999967
  },
  "interactive-short-4": {
    "average": 0.10533851999999683,
    "std": 0.16300139017344437,
    "max": 1.5754790000000867,
    "min": 0.044004999999970096
  },
  "interactive-short-5": {
    "average": 0.17709924999999999,
    "std": 0.1077508970971339,
    "max": 0.9997599999999238,
    "min": 0.09448599999996077
  },
  "interactive-short-6": {
    "average": 0.1347899699999971,
    "std": 0.10075223227533492,
    "max": 0.8459210000000894,
    "min": 0.10154799999997977
  },
  "interactive-short-7": {
    "average": 0.24859358000000611,
    "std": 0.19394714059806134,
    "max": 1.4880759999999782,
    "min": 0.12951200000009067
  }
}