{
  "interactive-discover-1": {
    "average": 0.1578557900000004,
    "std": 0.49019201525898015,
    "max": 4.8161400000000185,
    "min": 0.05824899999998934
  },
  "interactive-discover-2": {
    "average": 0.12799793000000192,
    "std": 0.13085332586865372,
    "max": 1.1540089999999736,
    "min": 0.06635499999998729
  },
  "interactive-discover-3": {
    "average": 0.1782043600000037,
    "std": 0.25608076898673493,
    "max": 2.423283999999967,
    "min": 0.11459300000001349
  },
  "interactive-discover-4": {
    "average": 0.20751669000000278,
    "std": 0.1324168779036821,
    "max": 1.03055599999999,
    "min": 0.14066000000002532
  },
  "interactive-discover-5": {
    "average": 0.06312568999999826,
    "std": 0.08668150315784472,
    "max": 0.7397169999999846,
    "min": 0.041162999999983185
  },
  "interactive-discover-6": {
    "average": 0.088507460000003,
    "std": 0.0469298236410617,
    "max": 0.21111700000000155,
    "min": 0.06528700000001209
  },
  "interactive-discover-7": {
    "average": 0.10163439000000324,
    "std": 0.12832653317828105,
    "max": 1.3031730000000152,
    "min": 0.06874099999998862
  },
  "interactive-discover-8": {
    "average": 0.12272760999999832,
    "std": 0.10955196898235152,
    "max": 0.8286190000000033,
    "min": 0.04885699999999815
  },
  "interactive-short-1-nocity": {
    "average": 0.07927338000000247,
    "std": 0.15648832870892462,
    "max": 1.5617799999999988,
    "min": 0.04860300000001416
  },
  "interactive-short-1": {
    "average": 0.11204043999999953,
    "std": 0.11670008524660273,
    "max": 0.8617980000000216,
    "min": 0.07289699999995491
  },
  "interactive-short-2": {
    "average": 0.3930761700000016,
    "std": 0.3404052695195588,
    "max": 1.9508630000000267,
    "min": 0.20991999999995414
  },
  "interactive-short-3-unidir": {
    "average": 0.1842852300000027,
    "std": 0.21579334724719398,
    "max": 1.3983769999999822,
    "min": 0.06983200000001943
  },
  "interactive-short-3": {
    "average": 0.15910020000000316,
    "std": 0.17334798584618125,
    "max": 1.4210780000000227,
    "min": 0.08668800000003785
  },
  "interactive-short-4-creator": {
    "average": 0.06840311999999756,
    "std": 0.09246239161139,
    "max": 0.7454539999999952,
    "min": 0.037683000000015454
  },
  "interactive-short-4": {
    "average": 0.0772449599999959,
    "std": 0.21500629894278983,
    "max": 1.7738000000000511,
    "min": 0.03714600000000701
  },
  "interactive-short-5": {
    "average": 0.06518164999999612,
    "std": 0.04248559561253723,
    "max": 0.25417400000003454,
    "min": 0.05250499999999647
  },
  "interactive-short-6": {
    "average": 0.11723215000000209,
    "std": 0.15057773100210675,
    "max": 1.158151000000089,
    "min": 0.05585200000007262
  },
  "interactive-short-7": {
    "average": 0.22263894999999592,
    "std": 0.1520067335968801,
    "max": 1.176270000000045,
    "min": 0.15102899999999408
  }
}