{
  "interactive-discover-1": {
    "average": 0.06801764999999818,
    "std": 0.12048151036427963,
    "max": 1.1978269999999611,
    "min": 0.0351420000000644
  },
  "interactive-discover-2": {
    "average": 0.041960220000000846,
    "std": 0.029661521373875708,
    "max": 0.15192999999999302,
    "min": 0.026068000000009306
  },
  "interactive-discover-3": {
    "average": 0.04231856999999423,
    "std": 0.059561573800106064,
    "max": 0.5425309999999399,
    "min": 0.027665999999953783
  },
  "interactive-discover-4": {
    "average": 0.06713863999999717,
    "std": 0.10700143927227217,
    "max": 0.855713000000037,
    "min": 0.032153999999991356
  },
  "interactive-discover-5": {
    "average": 0.014830279999997628,
    "std": 0.015074628261169854,
    "max": 0.022412000000031185,
    "min": 0.013815000000022337
  },
  "interactive-discover-6": {
    "average": 0.02314324999999144,
    "std": 0.01957839463027687,
    "max": 0.050264999999967586,
    "min": 0.021183999999948355
  },
  "interactive-discover-7": {
    "average": 0.030597449999989975,
    "std": 0.061104655282736405,
    "max": 0.6094229999999925,
    "min": 0.02237600000000839
  },
  "interactive-discover-8": {
    "average": 0.035822110000000296,
    "std": 0.02968930350813299,
    "max": 0.15472700000009354,
    "min": 0.025904999999966094
  },
  "interactive-short-1-nocity": {
    "average": 0.07155019000000153,
    "std": 0.2089066372472399,
    "max": 2.1107640000000174,
    "min": 0.038873999999964326
  },
  "interactive-short-1": {
    "average": 0.07071205999999734,
    "std": 0.06510899754687163,
    "max": 0.5820810000000165,
    "min": 0.056433999999967455
  },
  "interactive-short-2": {
    "average": 0.18582061999999042,
    "std": 0.20521815765834953,
    "max": 1.5475329999999303,
    "min": 0.11441500000000815
  },
  "interactive-short-3-unidir": {
    "average": 0.09833776999999146,
    "std": 0.11605445519854099,
    "max": 0.8280939999999646,
    "min": 0.05767600000001494
  },
  "interactive-short-3": {
    "average": 0.0716851100000008,
    "std": 0.08901044000081754,
    "max": 0.8664129999999659,
    "min": 0.054646000000047934
  },
  "interactive-short-4-creator": {
    "average": 0.05973507999999583,
    "std": 0.12287370876659333,
    "max": 0.8875090000000228,
    "min": 0.026296000000002095
  },
  "interactive-short-4": {
    "average": 0.025436330000001135,
    "std": 0.01792090184692805,
    "max": 0.06290400000000318,
    "min": 0.02354000000002543
  },
  "interactive-short-5": {
    "average": 0.05370229000000677,
    "std": 0.06566356551126006,
    "max": 0.5673669999999902,
    "min": 0.038432999999940876
  },
  "interactive-short-6": {
    "average": 0.09610953999999765,
    "std": 0.10896615612998001,
    "max": 0.8024050000000216,
    "min": 0.059655000000020664
  },
  "interactive-short-7": {
    "average": 0.1743200900000022,
    "std": 0.22402780956598303,
    "max": 2.1932899999999336,
    "min": 0.10703899999998612
  }
}