{
  "interactive-discover-1": {
    "average": 0.019079370000001747,
    "std": 0.019057869066244848,
    "max": 0.04306099999996604,
    "min": 0.017025999999987107
  },
  "interactive-discover-2": {
    "average": 0.029015720000002146,
    "std": 0.05140310604491451,
    "max": 0.21538700000007793,
    "min": 0.018986000000040804
  },
  "interactive-discover-3": {
    "average": 0.049369749999999615,
    "std": 0.16931740604884982,
    "max": 1.68626299999994,
    "min": 0.016295000000013715
  },
  "interactive-discover-4": {
    "average": 0.022269220000005134,
    "std": 0.0193451574349574,
    "max": 0.036609999999996035,
    "min": 0.01840900000001966
  },
  "interactive-discover-5": {
    "average": 0.011422330000002603,
    "std": 0.014066292476437961,
    "max": 0.03744600000004539,
    "min": 0.009649000000081287
  },
  "interactive-discover-6": {
    "average": 0.02063880999999924,
    "std": 0.050630536729989094,
    "max": 0.49911600000007184,
    "min": 0.014414999999985412
  },
  "interactive-discover-7": {
    "average": 0.025058740000004034,
    "std": 0.022922493843985346,
    "max": 0.10415399999999408,
    "min": 0.016799999999989268
  },
  "interactive-discover-8": {
    "average": 0.023002799999997024,
    "std": 0.017026904270356486,
    "max": 0.03700000000003456,
    "min": 0.020588999999972657
  },
  "interactive-short-1-nocity": {
    "average": 0.0559739599999989,
    "std": 0.14836875545265474,
    "max": 1.493310000000065,
    "min": 0.02819699999997738
  },
  "interactive-short-1": {
    "average": 0.038946569999990285,
    "std": 0.026976526228309705,
    "max": 0.07026800000005551,
    "min": 0.03451600000005328
  },
  "interactive-short-2": {
    "average": 0.12054834000000142,
    "std": 0.17682266010565992,
    "max": 1.7234419999999773,
    "min": 0.07348000000001775
  },
  "interactive-short-3-unidir": {
    "average": 0.04006009000000404,
    "std": 0.023821105213440885,
    "max": 0.08835300000009738,
    "min": 0.03612199999997756
  },
  "interactive-short-3": {
    "average": 0.04280388999998195,
    "std": 0.05789415762235639,
    "max": 0.5690830000000915,
    "min": 0.03255700000011075
  },
  "interactive-short-4-creator": {
    "average": 0.02693809999999985,
    "std": 0.025309023181745275,
    "max": 0.12217599999996764,
    "min": 0.017208000000096035
  },
  "interactive-short-4": {
    "average": 0.045419379999990496,
    "std": 0.1323983121615199,
    "max": 1.3258339999999862,
    "min": 0.01509499999997388
  },
  "interactive-short-5": {
    "average": 0.03330915999999661,
    "std": 0.030679411906489783,
    "max": 0.08887600000002749,
    "min": 0.025856000000089807
  },
  "interactive-short-6": {
    "average": 0.047331810000007406,
    "std": 0.05000985283018636,
    "max": 0.4712289999999939,
    "min": 0.03772099999991951
  },
  "interactive-short-7": {
    "average": 0.11617776000000504,
    "std": 0.18052462919563825,
    "max": 1.7833139999999048,
    "min": 0.06865800000002764
  }
}