{
  "interactive-discover-1": {
    "average": 0.032042430000003605,
    "std": 0.1085776570756284,
    "max": 1.0818329999999605,
    "min": 0.01670599999999922
  },
  "interactive-discover-2": {
    "average": 0.04160065000000941,
    "std": 0.04544612702339703,
    "max": 0.3307550000000674,
    "min": 0.020890000000008513
  },
  "interactive-discover-3": {
    "average": 0.02699093999999491,
    "std": 0.06689994317662322,
    "max": 0.48635699999999815,
    "min": 0.016730999999936103
  },
  "interactive-discover-4": {
    "average": 0.029883230000000368,
    "std": 0.06262106470591469,
    "max": 0.6163870000000315,
    "min": 0.01853300000004765
  },
  "interactive-discover-5": {
    "average": 0.011518910000005463,
    "std": 0.014909918003728416,
    "max": 0.028711999999927684,
    "min": 0.009950000000003456
  },
  "interactive-discover-6": {
    "average": 0.015797640000007506,
    "std": 0.016328749015254718,
    "max": 0.02626599999996415,
    "min": 0.014778999999975895
  },
  "interactive-discover-7": {
    "average": 0.03755449999999541,
    "std": 0.12510121605674526,
    "max": 1.1490539999999783,
    "min": 0.016441999999983636
  },
  "interactive-discover-8": {
    "average": 0.025813239999988583,
    "std": 0.02787019510611025,
    "max": 0.21129500000006374,
    "min": 0.02118299999995088
  },
  "interactive-short-1-nocity": {
    "average": 0.04707846000000586,
    "std": 0.03696487741005894,
    "max": 0.22325999999998203,
    "min": 0.02546200000006138
  },
  "interactive-short-1": {
    "average": 0.05623189000000593,
    "std": 0.1320060570346023,
    "max": 1.3380129999999326,
    "min": 0.035047999999960666
  },
  "interactive-short-2": {
    "average": 0.1373332000000039,
    "std": 0.2058460202279556,
    "max": 1.4252460000000156,
    "min": 0.07303799999999683
  },
  "interactive-short-3-unidir": {
    "average": 0.0530647100000067,
    "std": 0.12196008267216417,
    "max": 1.1404430000000048,
    "min": 0.032519000000093
  },
  "interactive-short-3": {
    "average": 0.061816850000002435,
    "std": 0.07337560554984403,
    "max": 0.6328760000000102,
    "min": 0.03844200000003184
  },
  "interactive-short-4-creator": {
    "average": 0.034668169999997646,
    "std": 0.07213861590221271,
    "max": 0.6366929999999229,
    "min": 0.017231000000037966
  },
  "interactive-short-4": {
    "average": 0.017772600000000693,
    "std": 0.017194335022653075,
    "max": 0.03294400000004316,
    "min": 0.014432000000169865
  },
  "interactive-short-5": {
    "average": 0.047809840000006716,
    "std": 0.13026687336059573,
    "max": 1.2184720000000198,
    "min": 0.02582299999994575
  },
  "interactive-short-6": {
    "average": 0.0689726900000096,
    "std": 0.08542995169536195,
    "max": 0.6086780000000545,
    "min": 0.03805899999997564
  },
  "interactive-short-7": {
    "average": 0.10034717999999429,
    "std": 0.09993537047647358,
    "max": 0.7129929999998694,
    "min": 0.06853699999987839
  }
}