{
  "interactive-discover-1": {
    "average": 0.04432082999999239,
    "std": 0.04685063419740683,
    "max": 0.2116439999999784,
    "min": 0.03494399999999587
  },
  "interactive-discover-2": {
    "average": 0.07586147000000779,
    "std": 0.17511572957132013,
    "max": 1.7694760000000542,
    "min": 0.049477999999908207
  },
  "interactive-discover-3": {
    "average": 0.053643280000010236,
    "std": 0.05965106915211786,
    "max": 0.30309299999998984,
    "min": 0.03676899999993566
  },
  "interactive-discover-4": {
    "average": 0.04245105999999737,
    "std": 0.024013959034776853,
    "max": 0.09453399999995327,
    "min": 0.03970199999992019
  },
  "interactive-discover-5": {
    "average": 0.06593713000000206,
    "std": 0.1397829834199569,
    "max": 1.8778459999999768,
    "min": 0.03752899999994952
  },
  "interactive-discover-6": {
    "average": 0.07607115000000135,
    "std": 0.07431292334440943,
    "max": 0.4092130000000225,
    "min": 0.04508700000008048
  },
  "interactive-discover-7": {
    "average": 0.07644412999999531,
    "std": 0.07513912754587808,
    "max": 0.7062120000000505,
    "min": 0.049293000000034226
  },
  "interactive-discover-8": {
    "average": 0.06188875000000621,
    "std": 0.04722796534980775,
    "max": 0.21812199999999393,
    "min": 0.055920000000014625
  },
  "interactive-short-1-nocity": {
    "average": 0.06244534999999928,
    "std": 0.034112670565421166,
    "max": 0.10687600000005659,
    "min": 0.056522999999970125
  },
  "interactive-short-1": {
    "average": 0.0926864099999932,
    "std": 0.12067808073687207,
    "max": 1.2908019999999851,
    "min": 0.05489299999999275
  },
  "interactive-short-2": {
    "average": 0.15397178000000053,
    "std": 0.1325052297276448,
    "max": 1.0452569999999923,
    "min": 0.08459899999991194
  },
  "interactive-short-3-unidir": {
    "average": 0.03966648000000873,
    "std": 0.023777145955504675,
    "max": 0.11128899999994246,
    "min": 0.03449999999997999
  },
  "interactive-short-3": {
    "average": 0.0781285800000012,
    "std": 0.10375505931046948,
    "max": 0.9094069999999874,
    "min": 0.037568999999962216
  },
  "interactive-short-4-creator": {
    "average": 0.02096619999999916,
    "std": 0.019177120069113957,
    "max": 0.036332000000015796,
    "min": 0.019526000000041677
  },
  "interactive-short-4": {
    "average": 0.022815610000000108,
    "std": 0.052746491719034304,
    "max": 0.48286700000005567,
    "min": 0.014259999999922002
  },
  "interactive-short-5": {
    "average": 0.031418620000001736,
    "std": 0.023989367397900245,
    "max": 0.05667399999992995,
    "min": 0.02902700000004188
  },
  "interactive-short-6": {
    "average": 0.05553157000000056,
    "std": 0.05210865326170947,
    "max": 0.4501519999998891,
    "min": 0.03862900000001446
  },
  "interactive-short-7": {
    "average": 0.11170828000000028,
    "std": 0.09942157703507501,
    "max": 0.7254760000000715,
    "min": 0.07773699999995642
  }
}