{
  "interactive-discover-1": {
    "average": 0.06203904000000648,
    "std": 0.06509448638420641,
    "max": 0.3778750000000173,
    "min": 0.04031800000007024
  },
  "interactive-discover-2": {
    "average": 0.05889916000000312,
    "std": 0.03743511137924838,
    "max": 0.11308400000007168,
    "min": 0.043201000000067324
  },
  "interactive-discover-3": {
    "average": 0.0498847599999965,
    "std": 0.08337115848029295,
    "max": 0.8270110000000841,
    "min": 0.036502000000041335
  },
  "interactive-discover-4": {
    "average": 0.06924256000000469,
    "std": 0.05324468406803651,
    "max": 0.2921200000000681,
    "min": 0.039509999999950196
  },
  "interactive-discover-5": {
    "average": 0.02597314999999753,
    "std": 0.06010881186786328,
    "max": 0.5940309999999727,
    "min": 0.018816000000015265
  },
  "interactive-discover-6": {
    "average": 0.04303054000000202,
    "std": 0.038772520721971925,
    "max": 0.12162899999998444,
    "min": 0.030689999999935935
  },
  "interactive-discover-7": {
    "average": 0.06645788999999809,
    "std": 0.15437693608720737,
    "max": 1.5539339999999129,
    "min": 0.03619500000002063
  },
  "interactive-discover-8": {
    "average": 0.04278402000000142,
    "std": 0.026161684253486403,
    "max": 0.06701700000007804,
    "min": 0.03953799999999319
  },
  "interactive-short-1-nocity": {
    "average": 0.05415204000000131,
    "std": 0.08947033284160437,
    "max": 0.8518119999999954,
    "min": 0.03402900000003228
  },
  "interactive-short-1": {
    "average": 0.07521289000000138,
    "std": 0.048934830994967995,
    "max": 0.2798970000000054,
    "min": 0.0525759999999309
  },
  "interactive-short-2": {
    "average": 0.1704038400000104,
    "std": 0.15263101473685994,
    "max": 1.37648200000001,
    "min": 0.11979900000005728
  },
  "interactive-short-3-unidir": {
    "average": 0.08076248000000077,
    "std": 0.12001177686422945,
    "max": 1.2107499999999618,
    "min": 0.05424099999993359
  },
  "interactive-short-3": {
    "average": 0.08556774000000132,
    "std": 0.08992059568007038,
    "max": 0.7447720000000118,
    "min": 0.049107000000049084
  },
  "interactive-short-4-creator": {
    "average": 0.032041689999997514,
    "std": 0.035628679171465324,
    "max": 0.27815899999995963,
    "min": 0.019123000000035972
  },
  "interactive-short-4": {
    "average": 0.018089349999997922,
    "std": 0.015304475739290911,
    "max": 0.041537999999945896,
    "min": 0.016354999999975917
  },
  "interactive-short-5": {
    "average": 0.03925026000000116,
    "std": 0.051515427864953486,
    "max": 0.45456799999999475,
    "min": 0.028809000000023843
  },
  "interactive-short-6": {
    "average": 0.06826877000000081,
    "std": 0.04829080147700763,
    "max": 0.2298720000000003,
    "min": 0.04337199999997665
  },
  "interactive-short-7": {
    "average": 0.09835228999999686,
    "std": 0.09851098278073406,
    "max": 0.8433260000000473,
    "min": 0.06848199999990356
  }
}