{
  "interactive-discover-1": {
    "average": 0.02208623000000671,
    "std": 0.031894444976369035,
    "max": 0.16369699999995646,
    "min": 0.019089000000008127
  },
  "interactive-discover-2": {
    "average": 0.048435969999992494,
    "std": 0.23788947158244705,
    "max": 2.3958239999999478,
    "min": 0.02177300000005289
  },
  "interactive-discover-3": {
    "average": 0.02340049999999678,
    "std": 0.024038372670668644,
    "max": 0.06025199999999131,
    "min": 0.01856899999995676
  },
  "interactive-discover-4": {
    "average": 0.022647860000006403,
    "std": 0.025959478064622142,
    "max": 0.06651099999999133,
    "min": 0.020964000000049055
  },
  "interactive-discover-5": {
    "average": 0.012548719999997501,
    "std": 0.013845943285540481,
    "max": 0.0339249999999538,
    "min": 0.01125000000001819
  },
  "interactive-discover-6": {
    "average": 0.02668594999999641,
    "std": 0.07662719718930681,
    "max": 0.7418450000000121,
    "min": 0.016075000000000728
  },
  "interactive-discover-7": {
    "average": 0.021551329999996368,
    "std": 0.02345275211169471,
    "max": 0.18406100000004244,
    "min": 0.016328999999927873
  },
  "interactive-discover-8": {
    "average": 0.042481699999999595,
    "std": 0.04392933571789103,
    "max": 0.16156499999999596,
    "min": 0.02137700000002951
  },
  "interactive-short-1-nocity": {
    "average": 0.0382087499999966,
    "std": 0.08788895082538432,
    "max": 0.8741269999999304,
    "min": 0.024982000000022708
  },
  "interactive-short-1": {
    "average": 0.03966024999999945,
    "std": 0.025300842596205797,
    "max": 0.06262200000003304,
    "min": 0.03424100000006547
  },
  "interactive-short-2": {
    "average": 0.11523898000000714,
    "std": 0.1443913166847205,
    "max": 1.412800999999945,
    "min": 0.06694100000004255
  },
  "interactive-short-3-unidir": {
    "average": 0.04231046999999308,
    "std": 0.06724084550567236,
    "max": 0.6622499999999718,
    "min": 0.03203599999994822
  },
  "interactive-short-3": {
    "average": 0.05482243000000267,
    "std": 0.08002951715653633,
    "max": 0.7523059999999759,
    "min": 0.03424999999992906
  },
  "interactive-short-4-creator": {
    "average": 0.0418888199999958,
    "std": 0.02931260885071163,
    "max": 0.12465500000007523,
    "min": 0.01817299999993338
  },
  "interactive-short-4": {
    "average": 0.02645044999999982,
    "std": 0.05849587577225235,
    "max": 0.5785359999999855,
    "min": 0.01437399999997524
  },
  "interactive-short-5": {
    "average": 0.026619830000008733,
    "std": 0.023854946226898772,
    "max": 0.059547000000065964,
    "min": 0.02322300000002997
  },
  "interactive-short-6": {
    "average": 0.054749230000004444,
    "std": 0.06354682763667119,
    "max": 0.5568570000000364,
    "min": 0.03700200000002951
  },
  "interactive-short-7": {
    "average": 0.10350655000000188,
    "std": 0.09867782513409466,
    "max": 0.8823579999999538,
    "min": 0.06024400000001151
  }
}