{
  "interactive-discover-1": {
    "average": 0.04761170000000106,
    "std": 0.04013552639750001,
    "max": 0.2155159999999796,
    "min": 0.019374999999968168
  },
  "interactive-discover-2": {
    "average": 0.057631699999998315,
    "std": 0.24018957303885297,
    "max": 2.366135999999983,
    "min": 0.021737999999913882
  },
  "interactive-discover-3": {
    "average": 0.02248900000000958,
    "std": 0.024361425483649533,
    "max": 0.07795399999997699,
    "min": 0.01854600000001483
  },
  "interactive-discover-4": {
    "average": 0.025516329999998106,
    "std": 0.03608395464938571,
    "max": 0.1253550000000132,
    "min": 0.020879000000036285
  },
  "interactive-discover-5": {
    "average": 0.012710240000000112,
    "std": 0.01408813864747523,
    "max": 0.01954399999999623,
    "min": 0.011184999999954925
  },
  "interactive-discover-6": {
    "average": 0.04508395999999834,
    "std": 0.12096323413672447,
    "max": 1.2160300000000461,
    "min": 0.016477000000008957
  },
  "interactive-discover-7": {
    "average": 0.019700739999990446,
    "std": 0.018033419130784135,
    "max": 0.03205500000001393,
    "min": 0.017850999999950545
  },
  "interactive-discover-8": {
    "average": 0.034651470000001156,
    "std": 0.10035525156131879,
    "max": 1.0061220000000048,
    "min": 0.018753000000060638
  },
  "interactive-short-1-nocity": {
    "average": 0.03258843999999954,
    "std": 0.024299306337171395,
    "max": 0.09267600000009679,
    "min": 0.028048000000012507
  },
  "interactive-short-1": {
    "average": 0.04602496999999403,
    "std": 0.029672840628377807,
    "max": 0.11760700000002089,
    "min": 0.03841299999999137
  },
  "interactive-short-2": {
    "average": 0.1167772600000012,
    "std": 0.14997479734635527,
    "max": 1.3087500000000318,
    "min": 0.06569799999999759
  },
  "interactive-short-3-unidir": {
    "average": 0.054901160000006256,
    "std": 0.12745283860552778,
    "max": 1.277653999999984,
    "min": 0.03598099999999249
  },
  "interactive-short-3": {
    "average": 0.06625141999999301,
    "std": 0.08690279224846209,
    "max": 0.7662840000000415,
    "min": 0.03323100000000068
  },
  "interactive-short-4-creator": {
    "average": 0.02464660999999978,
    "std": 0.05954185794407174,
    "max": 0.582781999999952,
    "min": 0.016761000000087733
  },
  "interactive-short-4": {
    "average": 0.02445498999999245,
    "std": 0.04710301216032095,
    "max": 0.45978200000001834,
    "min": 0.014298000000053435
  },
  "interactive-short-5": {
    "average": 0.026432759999999007,
    "std": 0.02305001414752854,
    "max": 0.0756259999999429,
    "min": 0.022517999999990934
  },
  "interactive-short-6": {
    "average": 0.07540198999999462,
    "std": 0.13151285568924823,
    "max": 1.2137239999999565,
    "min": 0.03615599999989172
  },
  "interactive-short-7": {
    "average": 0.08572752000000264,
    "std": 0.09381579202564762,
    "max": 0.7344279999999799,
    "min": 0.05882499999995616
  }
}