{
  "interactive-discover-1": {
    "average": 0.02426877000001923,
    "std": 0.025219107051779474,
    "max": 0.05780000000004293,
    "min": 0.01884199999994962
  },
  "interactive-discover-2": {
    "average": 0.026975280000012845,
    "std": 0.022791608137563705,
    "max": 0.10795099999995728,
    "min": 0.02137300000003961
  },
  "interactive-discover-3": {
    "average": 0.0260223099999871,
    "std": 0.06094918967431858,
    "max": 0.5948630000000321,
    "min": 0.018370999999888227
  },
  "interactive-discover-4": {
    "average": 0.021912919999990663,
    "std": 0.017496600967306767,
    "max": 0.030248999999912485,
    "min": 0.0205590000000484
  },
  "interactive-discover-5": {
    "average": 0.011994609999999285,
    "std": 0.013118594703033816,
    "max": 0.02359599999999773,
    "min": 0.011022000000139087
  },
  "interactive-discover-6": {
    "average": 0.031070509999992738,
    "std": 0.07539595579532013,
    "max": 0.7435700000000907,
    "min": 0.01618600000006154
  },
  "interactive-discover-7": {
    "average": 0.032150120000026164,
    "std": 0.05128007873002482,
    "max": 0.4362269999999171,
    "min": 0.01768099999981132
  },
  "interactive-discover-8": {
    "average": 0.031210070000001908,
    "std": 0.02617266343158999,
    "max": 0.09572400000001835,
    "min": 0.021013999999922817
  },
  "interactive-short-1-nocity": {
    "average": 0.03556213000001435,
    "std": 0.06072803849739406,
    "max": 0.5796219999999721,
    "min": 0.027800000000070213
  },
  "interactive-short-1": {
    "average": 0.045491649999996754,
    "std": 0.031159344303388563,
    "max": 0.16382999999996173,
    "min": 0.03844600000002174
  },
  "interactive-short-2": {
    "average": 0.1094365300000004,
    "std": 0.10939417895743758,
    "max": 0.9458609999999226,
    "min": 0.0649909999999636
  },
  "interactive-short-3-unidir": {
    "average": 0.0428786599999853,
    "std": 0.08178588999260948,
    "max": 0.8140319999999974,
    "min": 0.031518000000005486
  },
  "interactive-short-3": {
    "average": 0.07187568000000055,
    "std": 0.1053530284962225,
    "max": 0.8689919999999347,
    "min": 0.03749699999980294
  },
  "interactive-short-4-creator": {
    "average": 0.029224589999992077,
    "std": 0.02319995953102366,
    "max": 0.07961300000010851,
    "min": 0.01886400000012145
  },
  "interactive-short-4": {
    "average": 0.0170611000000099,
    "std": 0.015067455399270846,
    "max": 0.02242900000010195,
    "min": 0.015918999999939842
  },
  "interactive-short-5": {
    "average": 0.032680200000004336,
    "std": 0.050926366407908555,
    "max": 0.46947899999986475,
    "min": 0.02557499999988977
  },
  "interactive-short-6": {
    "average": 0.06352746999997862,
    "std": 0.05939788840822326,
    "max": 0.5032519999999749,
    "min": 0.04028999999991356
  },
  "interactive-short-7": {
    "average": 0.09419347000001607,
    "std": 0.10597127414834484,
    "max": 0.7746049999998377,
    "min": 0.06722500000000764
  }
}