{
  "interactive-discover-1": {
    "average": 0.020111800000006497,
    "std": 0.020338836805974255,
    "max": 0.04092100000002574,
    "min": 0.0190820000000258
  },
  "interactive-discover-2": {
    "average": 0.04507747999998173,
    "std": 0.03130281150485353,
    "max": 0.12052100000005339,
    "min": 0.020867999999836684
  },
  "interactive-discover-3": {
    "average": 0.032992979999989985,
    "std": 0.0761754463464465,
    "max": 0.7521750000000793,
    "min": 0.018565999999964333
  },
  "interactive-discover-4": {
    "average": 0.022726689999997232,
    "std": 0.018805960502379395,
    "max": 0.03485300000011193,
    "min": 0.021042000000079497
  },
  "interactive-discover-5": {
    "average": 0.012107819999991989,
    "std": 0.013378587879304703,
    "max": 0.020510999999942214,
    "min": 0.011063000000149259
  },
  "interactive-discover-6": {
    "average": 0.027591269999995803,
    "std": 0.07632842267399306,
    "max": 0.7603520000000117,
    "min": 0.016630999999961205
  },
  "interactive-discover-7": {
    "average": 0.01939944999999625,
    "std": 0.016654658656427377,
    "max": 0.02737099999990278,
    "min": 0.018146999999999025
  },
  "interactive-discover-8": {
    "average": 0.043335619999998014,
    "std": 0.030644515303168463,
    "max": 0.10188000000016473,
    "min": 0.021284000000150627
  },
  "interactive-short-1-nocity": {
    "average": 0.04166477000000441,
    "std": 0.07309174238057525,
    "max": 0.7205870000000232,
    "min": 0.028260000000045693
  },
  "interactive-short-1": {
    "average": 0.04175856000001204,
    "std": 0.02528576064195955,
    "max": 0.06296300000008159,
    "min": 0.03929100000004837
  },
  "interactive-short-2": {
    "average": 0.1127516900000137,
    "std": 0.08745731223505128,
    "max": 0.6420190000001185,
    "min": 0.07432399999993322
  },
  "interactive-short-3-unidir": {
    "average": 0.044888180000007195,
    "std": 0.06576638356628983,
    "max": 0.6507719999999608,
    "min": 0.03663100000017039
  },
  "interactive-short-3": {
    "average": 0.05245579000001044,
    "std": 0.06849841255446656,
    "max": 0.6680180000000746,
    "min": 0.03797400000007656
  },
  "interactive-short-4-creator": {
    "average": 0.042154400000001715,
    "std": 0.030629359303256536,
    "max": 0.08411500000011074,
    "min": 0.019267000000127155
  },
  "interactive-short-4": {
    "average": 0.026030879999998435,
    "std": 0.021157968350113767,
    "max": 0.08245699999997669,
    "min": 0.016815999999835185
  },
  "interactive-short-5": {
    "average": 0.03474729000000707,
    "std": 0.062331094384274206,
    "max": 0.5908990000000358,
    "min": 0.02690200000006371
  },
  "interactive-short-6": {
    "average": 0.055890759999992955,
    "std": 0.07407439795070284,
    "max": 0.7346950000001016,
    "min": 0.04124099999989994
  },
  "interactive-short-7": {
    "average": 0.10573821000000408,
    "std": 0.08985131206218233,
    "max": 0.7603249999999662,
    "min": 0.06798400000002403
  }
}