{
  "interactive-discover-1": {
    "average": 0.05,
    "std": 0.22127956630616957,
    "max": 1,
    "min": 0
  },
  "interactive-discover-2": {
    "average": 0.07,
    "std": 0.29550675529375364,
    "max": 2,
    "min": 0
  },
  "interactive-discover-3": {
    "average": 0.03,
    "std": 0.17142009358546176,
    "max": 1,
    "min": 0
  },
  "interactive-discover-4": {
    "average": 0.03,
    "std": 0.1714200935854618,
    "max": 1,
    "min": 0
  },
  "interactive-discover-5": {
    "average": 0.02,
    "std": 0.14069093572060484,
    "max": 1,
    "min": 0
  },
  "interactive-discover-6": {
    "average": 0.03,
    "std": 0.17142009358546173,
    "max": 1,
    "min": 0
  },
  "interactive-discover-7": {
    "average": 0.03,
    "std": 0.17142009358546179,
    "max": 1,
    "min": 0
  },
  "interactive-discover-8": {
    "average": 0.04,
    "std": 0.19690535079503838,
    "max": 1,
    "min": 0
  },
  "interactive-short-1-nocity": {
    "average": 0.04,
    "std": 0.19690535079503843,
    "max": 1,
    "min": 0
  },
  "interactive-short-1": {
    "average": 0.06,
    "std": 0.238607068908977,
    "max": 1,
    "min": 0
  },
  "interactive-short-2": {
    "average": 0.14,
    "std": 0.348451118262206,
    "max": 1,
    "min": 0
  },
  "interactive-short-3-unidir": {
    "average": 0.06,
    "std": 0.238607068908977,
    "max": 1,
    "min": 0
  },
  "interactive-short-3": {
    "average": 0.07,
    "std": 0.256335874992325,
    "max": 1,
    "min": 0
  },
  "interactive-short-4-creator": {
    "average": 0.04,
    "std": 0.19690535079503838,
    "max": 1,
    "min": 0
  },
  "interactive-short-4": {
    "average": 0.03,
    "std": 0.17142009358546173,
    "max": 1,
    "min": 0
  },
  "interactive-short-5": {
    "average": 0.04,
    "std": 0.19690535079503838,
    "max": 1,
    "min": 0
  },
  "interactive-short-6": {
    "average": 0.05,
    "std": 0.21898526309901653,
    "max": 1,
    "min": 0
  },
  "interactive-short-7": {
    "average": 0.12,
    "std": 0.3263758755196411,
    "max": 1,
    "min": 0
  }
}