{
  "interactive-discover-1": {
    "average": 0.22799978999999893,
    "std": 0.5573697658082376,
    "max": 4.465658999999988,
    "min": 0.09959700000001703
  },
  "interactive-discover-2": {
    "average": 0.1475443700000011,
    "std": 0.08321646427022739,
    "max": 0.5878710000000069,
    "min": 0.10719799999998258
  },
  "interactive-discover-3": {
    "average": 0.14553938000000188,
    "std": 0.15323868305529487,
    "max": 1.402304000000015,
    "min": 0.09334599999999682
  },
  "interactive-discover-4": {
    "average": 0.15373610999999812,
    "std": 0.11041892572940797,
    "max": 1.0656700000000114,
    "min": 0.117574999999988
  },
  "interactive-discover-5": {
    "average": 0.054340429999999745,
    "std": 0.02990275309053552,
    "max": 0.08660700000001498,
    "min": 0.04913299999998344
  },
  "interactive-discover-6": {
    "average": 0.09551437999999848,
    "std": 0.04487331928356902,
    "max": 0.24448000000001002,
    "min": 0.0825760000000173
  },
  "interactive-discover-7": {
    "average": 0.1004043699999977,
    "std": 0.10426626175153615,
    "max": 1.016828999999973,
    "min": 0.07378400000004603
  },
  "interactive-discover-8": {
    "average": 0.09355953999999997,
    "std": 0.11819671369257946,
    "max": 1.1664130000000341,
    "min": 0.053015000000016244
  },
  "interactive-short-1-nocity": {
    "average": 0.08808201999999994,
    "std": 0.04111273828464361,
    "max": 0.18915500000002794,
    "min": 0.07688999999999169
  },
  "interactive-short-1": {
    "average": 0.1115445899999969,
    "std": 0.12017777379072223,
    "max": 1.1517590000000268,
    "min": 0.06967400000002044
  },
  "interactive-short-2": {
    "average": 0.38795993000000295,
    "std": 0.495149749080264,
    "max": 4.074455,
    "min": 0.17496199999999362
  },
  "interactive-short-3-unidir": {
    "average": 0.15286462999999798,
    "std": 0.16861759179277547,
    "max": 1.2157599999999888,
    "min": 0.09480400000001055
  },
  "interactive-short-3": {
    "average": 0.2298977399999984,
    "std": 0.20972238582465316,
    "max": 1.2524649999999724,
    "min": 0.09263199999998051
  },
  "interactive-short-4-creator": {
    "average": 0.05736504000000025,
    "std": 0.05932681695106224,
    "max": 0.40001799999998866,
    "min": 0.037681000000020504
  },
  "interactive-short-4": {
    "average": 0.073789840000004,
    "std": 0.14437573881993648,
    "max": 1.0937830000000304,
    "min": 0.03169100000002345
  },
  "interactive-short-5": {
    "average": 0.06666821000000027,
    "std": 0.05599107772114062,
    "max": 0.25751699999995026,
    "min": 0.041822999999965305
  },
  "interactive-short-6": {
    "average": 0.10074179000000129,
    "std": 0.10129859180962518,
    "max": 0.6775629999999637,
    "min": 0.07030200000002651
  },
  "interactive-short-7": {
    "average": 0.16911311000000126,
    "std": 0.12964075737394876,
    "max": 0.9646759999999972,
    "min": 0.11272700000000668
  }
}