{
  "interactive-discover-1": {
    "average": 0.04998258999999791,
    "std": 0.09626806649685075,
    "max": 0.8513449999999807,
    "min": 0.030865000000005693
  },
  "interactive-discover-2": {
    "average": 0.08962400000000087,
    "std": 0.15451825775162048,
    "max": 1.5173550000000091,
    "min": 0.04013699999998721
  },
  "interactive-discover-3": {
    "average": 0.04169095999999854,
    "std": 0.05499408902889051,
    "max": 0.25495599999999286,
    "min": 0.02776099999999815
  },
  "interactive-discover-4": {
    "average": 0.04258818999999647,
    "std": 0.027150237360682426,
    "max": 0.10893299999997907,
    "min": 0.029698999999993703
  },
  "interactive-discover-5": {
    "average": 0.03466927999999967,
    "std": 0.06775466062304063,
    "max": 0.6496410000000026,
    "min": 0.016204999999985148
  },
  "interactive-discover-6": {
    "average": 0.04051030000000054,
    "std": 0.02973504705539743,
    "max": 0.13727599999998574,
    "min": 0.026238000000006423
  },
  "interactive-discover-7": {
    "average": 0.0377179099999978,
    "std": 0.029893721259792064,
    "max": 0.0756759999999872,
    "min": 0.026359000000013566
  },
  "interactive-discover-8": {
    "average": 0.04536890999999912,
    "std": 0.09375693229865298,
    "max": 0.9374630000000082,
    "min": 0.030868999999995594
  },
  "interactive-short-1-nocity": {
    "average": 0.044118949999998165,
    "std": 0.03530311731949522,
    "max": 0.13620399999999222,
    "min": 0.03644800000000714
  },
  "interactive-short-1": {
    "average": 0.06319177999999936,
    "std": 0.09285828422899532,
    "max": 0.8875089999999943,
    "min": 0.03929499999998143
  },
  "interactive-short-2": {
    "average": 0.25411409999999873,
    "std": 0.103027008113376,
    "max": 0.8538699999999722,
    "min": 0.19345899999996163
  },
  "interactive-short-3-unidir": {
    "average": 0.10863760000000014,
    "std": 0.049015272191251374,
    "max": 0.37402600000001485,
    "min": 0.09035199999999577
  },
  "interactive-short-3": {
    "average": 0.13755824999999788,
    "std": 0.09444901944000819,
    "max": 0.8295550000000276,
    "min": 0.10737599999998793
  },
  "interactive-short-4-creator": {
    "average": 0.06552603000000033,
    "std": 0.070648324825246,
    "max": 0.7065059999999903,
    "min": 0.05019499999997379
  },
  "interactive-short-4": {
    "average": 0.048837390000002756,
    "std": 0.031745549708009704,
    "max": 0.09715299999999161,
    "min": 0.04388500000004569
  },
  "interactive-short-5": {
    "average": 0.07894949999999767,
    "std": 0.050805570872933525,
    "max": 0.24833999999998468,
    "min": 0.06748099999998658
  },
  "interactive-short-6": {
    "average": 0.11488879000000055,
    "std": 0.08724645160366362,
    "max": 0.6737400000000093,
    "min": 0.08565099999998438
  },
  "interactive-short-7": {
    "average": 0.1923830199999975,
    "std": 0.1213736163079037,
    "max": 1.126750999999956,
    "min": 0.13457999999997128
  }
}