{
  "interactive-discover-1": {
    "average": 0.04018720999999971,
    "std": 0.0302249926755823,
    "max": 0.0872229999999945,
    "min": 0.03621399999997266
  },
  "interactive-discover-2": {
    "average": 0.05575746999999808,
    "std": 0.06067599243115864,
    "max": 0.547019999999975,
    "min": 0.0427230000000236
  },
  "interactive-discover-3": {
    "average": 0.03315800000000195,
    "std": 0.04379040815468351,
    "max": 0.35155000000003156,
    "min": 0.019757000000026892
  },
  "interactive-discover-4": {
    "average": 0.03522447000000113,
    "std": 0.05571287123965105,
    "max": 0.5438740000000166,
    "min": 0.024684999999976753
  },
  "interactive-discover-5": {
    "average": 0.013638409999998657,
    "std": 0.016025153867530888,
    "max": 0.025131000000044423,
    "min": 0.01151100000004135
  },
  "interactive-discover-6": {
    "average": 0.02277882999999804,
    "std": 0.0208032683468178,
    "max": 0.08977399999997715,
    "min": 0.018126999999992677
  },
  "interactive-discover-7": {
    "average": 0.025166800000005197,
    "std": 0.05098556411604902,
    "max": 0.5039830000000052,
    "min": 0.018323000000009415
  },
  "interactive-discover-8": {
    "average": 0.025740460000002373,
    "std": 0.021149506968090818,
    "max": 0.08627999999998792,
    "min": 0.020974000000023807
  },
  "interactive-short-1-nocity": {
    "average": 0.04201351999999815,
    "std": 0.054295832441840566,
    "max": 0.390720999999985,
    "min": 0.03537699999998267
  },
  "interactive-short-1": {
    "average": 0.05428983999999957,
    "std": 0.028328409247720118,
    "max": 0.09053000000000111,
    "min": 0.05007699999998749
  },
  "interactive-short-2": {
    "average": 0.15226834999999825,
    "std": 0.1141906078333238,
    "max": 0.9691849999999818,
    "min": 0.12192899999996598
  },
  "interactive-short-3-unidir": {
    "average": 0.08396595000000502,
    "std": 0.10489225038894193,
    "max": 1.050487999999973,
    "min": 0.06250900000003412
  },
  "interactive-short-3": {
    "average": 0.08777853999999934,
    "std": 0.0650256957887035,
    "max": 0.5521489999999858,
    "min": 0.07382899999998926
  },
  "interactive-short-4-creator": {
    "average": 0.04281577999999968,
    "std": 0.0523911972631312,
    "max": 0.4954299999999989,
    "min": 0.033152999999970234
  },
  "interactive-short-4": {
    "average": 0.036842350000002855,
    "std": 0.025030654225110305,
    "max": 0.12895000000003165,
    "min": 0.029733000000021548
  },
  "interactive-short-5": {
    "average": 0.0478729699999991,
    "std": 0.04373680848367453,
    "max": 0.3932229999999777,
    "min": 0.039815000000032796
  },
  "interactive-short-6": {
    "average": 0.0839486699999992,
    "std": 0.07392989261221297,
    "max": 0.6915969999999447,
    "min": 0.05061599999999089
  },
  "interactive-short-7": {
    "average": 0.10916343999999356,
    "std": 0.09625411986193445,
    "max": 0.750927000000047,
    "min": 0.07885799999996834
  }
}