{
  "interactive-discover-1": {
    "average": 0.02934077000000002,
    "std": 0.026572935287832212,
    "max": 0.06637000000000626,
    "min": 0.025360000000034688
  },
  "interactive-discover-2": {
    "average": 0.043499359999999,
    "std": 0.0648453920348232,
    "max": 0.6291719999999827,
    "min": 0.031710999999972955
  },
  "interactive-discover-3": {
    "average": 0.02311299000000304,
    "std": 0.021007000942516136,
    "max": 0.043550000000038835,
    "min": 0.021457999999995536
  },
  "interactive-discover-4": {
    "average": 0.026525910000001998,
    "std": 0.018612137538509533,
    "max": 0.040469999999970696,
    "min": 0.023956999999995787
  },
  "interactive-discover-5": {
    "average": 0.020555259999995884,
    "std": 0.060735974695937604,
    "max": 0.6045540000000074,
    "min": 0.013244000000042888
  },
  "interactive-discover-6": {
    "average": 0.02439006999999435,
    "std": 0.018822862463438405,
    "max": 0.04709500000001299,
    "min": 0.021022000000016305
  },
  "interactive-discover-7": {
    "average": 0.03319925000000012,
    "std": 0.043711223024699826,
    "max": 0.3302400000000034,
    "min": 0.01679300000000694
  },
  "interactive-discover-8": {
    "average": 0.02894126999999912,
    "std": 0.04493354684634928,
    "max": 0.4076100000000338,
    "min": 0.017696000000000822
  },
  "interactive-short-1-nocity": {
    "average": 0.030506150000002775,
    "std": 0.023105560812555218,
    "max": 0.055417999999974654,
    "min": 0.027573000000018055
  },
  "interactive-short-1": {
    "average": 0.04543314000000066,
    "std": 0.048052197278673735,
    "max": 0.4484249999999861,
    "min": 0.035410999999953674
  },
  "interactive-short-2": {
    "average": 0.1106925799999965,
    "std": 0.09808455826428424,
    "max": 0.9710979999999836,
    "min": 0.08694799999994984
  },
  "interactive-short-3-unidir": {
    "average": 0.05852909999999781,
    "std": 0.05838930830255497,
    "max": 0.5762270000000171,
    "min": 0.04983199999998078
  },
  "interactive-short-3": {
    "average": 0.08522322999999858,
    "std": 0.07512541868537989,
    "max": 0.6242660000000342,
    "min": 0.06427499999995234
  },
  "interactive-short-4-creator": {
    "average": 0.030175350000001232,
    "std": 0.021141541927373525,
    "max": 0.04673000000002503,
    "min": 0.025422999999989315
  },
  "interactive-short-4": {
    "average": 0.03238698999999997,
    "std": 0.04594718633713908,
    "max": 0.4526669999999626,
    "min": 0.026008999999987736
  },
  "interactive-short-5": {
    "average": 0.03348452999999779,
    "std": 0.025702528710001865,
    "max": 0.07683600000001434,
    "min": 0.02959800000002133
  },
  "interactive-short-6": {
    "average": 0.06503235000000132,
    "std": 0.06454339423763628,
    "max": 0.5822730000000433,
    "min": 0.04942199999999275
  },
  "interactive-short-7": {
    "average": 0.1020643900000016,
    "std": 0.06535566951391643,
    "max": 0.5385799999999676,
    "min": 0.07043299999997998
  }
}