{
  "interactive-discover-1": {
    "average": 0.06689962999999921,
    "std": 0.10090029646625254,
    "max": 0.9193600000000117,
    "min": 0.0468450000000189
  },
  "interactive-discover-2": {
    "average": 0.09680333999999846,
    "std": 0.20885143999615874,
    "max": 2.0848959999999863,
    "min": 0.055036000000001195
  },
  "interactive-discover-3": {
    "average": 0.07536878999999999,
    "std": 0.08983837671339616,
    "max": 0.7903309999999806,
    "min": 0.040814000000011674
  },
  "interactive-discover-4": {
    "average": 0.09477767000000029,
    "std": 0.04398653243166332,
    "max": 0.2530930000000353,
    "min": 0.07580699999999752
  },
  "interactive-discover-5": {
    "average": 0.04085001999999349,
    "std": 0.024363143854016073,
    "max": 0.0584180000000174,
    "min": 0.03824299999996583
  },
  "interactive-discover-6": {
    "average": 0.07392186000000095,
    "std": 0.07650327387262322,
    "max": 0.7635340000000497,
    "min": 0.057546000000002095
  },
  "interactive-discover-7": {
    "average": 0.07219635999999924,
    "std": 0.03276839519819936,
    "max": 0.16215599999998176,
    "min": 0.06384299999996301
  },
  "interactive-discover-8": {
    "average": 0.0896827300000001,
    "std": 0.0811615782054892,
    "max": 0.772153000000003,
    "min": 0.05330500000002303
  },
  "interactive-short-1-nocity": {
    "average": 0.06917830999999865,
    "std": 0.03415051868334839,
    "max": 0.11124499999999671,
    "min": 0.06320299999998724
  },
  "interactive-short-1": {
    "average": 0.12074354000000084,
    "std": 0.07190079256288127,
    "max": 0.6098430000000121,
    "min": 0.09553399999998646
  },
  "interactive-short-2": {
    "average": 0.340289150000001,
    "std": 0.21556421101563433,
    "max": 2.0009850000000142,
    "min": 0.12846600000000308
  },
  "interactive-short-3-unidir": {
    "average": 0.10375718999999947,
    "std": 0.0814822030314237,
    "max": 0.6540769999999725,
    "min": 0.06945300000000998
  },
  "interactive-short-3": {
    "average": 0.11008223999999928,
    "std": 0.07204728648368777,
    "max": 0.6305080000000203,
    "min": 0.0793369999999527
  },
  "interactive-short-4-creator": {
    "average": 0.04636959999999988,
    "std": 0.050907015237988316,
    "max": 0.4628020000000106,
    "min": 0.036758000000020274
  },
  "interactive-short-4": {
    "average": 0.040899380000002455,
    "std": 0.025934764546012103,
    "max": 0.08597700000001396,
    "min": 0.03345999999999094
  },
  "interactive-short-5": {
    "average": 0.072224139999999,
    "std": 0.09639989931537211,
    "max": 0.7811310000000162,
    "min": 0.036491000000012264
  },
  "interactive-short-6": {
    "average": 0.07164225999999928,
    "std": 0.06440038761156092,
    "max": 0.5866359999999986,
    "min": 0.046071000000040385
  },
  "interactive-short-7": {
    "average": 0.19505340000000218,
    "std": 0.18762428875380244,
    "max": 1.7131410000000074,
    "min": 0.09556400000002441
  }
}