{
  "interactive-discover-1": {
    "average": 0.03319305999999983,
    "std": 0.02838592905192248,
    "max": 0.09283299999998462,
    "min": 0.0293779999999515
  },
  "interactive-discover-2": {
    "average": 0.04378549000000248,
    "std": 0.059628319213395876,
    "max": 0.5896740000000023,
    "min": 0.03624899999999798
  },
  "interactive-discover-3": {
    "average": 0.034619190000003075,
    "std": 0.02571832200467935,
    "max": 0.06512300000002824,
    "min": 0.03203800000000001
  },
  "interactive-discover-4": {
    "average": 0.03928704000000096,
    "std": 0.022875925441880912,
    "max": 0.055925000000002,
    "min": 0.0362259999999992
  },
  "interactive-discover-5": {
    "average": 0.04595320000000356,
    "std": 0.07333618094600407,
    "max": 0.746955000000014,
    "min": 0.018845999999996366
  },
  "interactive-discover-6": {
    "average": 0.06690285999999787,
    "std": 0.0491268030561445,
    "max": 0.4269729999999754,
    "min": 0.0509529999999927
  },
  "interactive-discover-7": {
    "average": 0.05673494000000232,
    "std": 0.02696582546522083,
    "max": 0.07565200000004779,
    "min": 0.05281400000001213
  },
  "interactive-discover-8": {
    "average": 0.04425190999999984,
    "std": 0.05585912702215988,
    "max": 0.4742029999999886,
    "min": 0.03112599999997201
  },
  "interactive-short-1-nocity": {
    "average": 0.04441154000000438,
    "std": 0.043231458189339676,
    "max": 0.39046200000001363,
    "min": 0.03555900000003476
  },
  "interactive-short-1": {
    "average": 0.04943361000000266,
    "std": 0.027195592573544855,
    "max": 0.079133000000013,
    "min": 0.045196000000032654
  },
  "interactive-short-2": {
    "average": 0.11916944999999828,
    "std": 0.0896239079779733,
    "max": 0.8705269999999814,
    "min": 0.10327200000000403
  },
  "interactive-short-3-unidir": {
    "average": 0.05492199000000141,
    "std": 0.059696788601656794,
    "max": 0.5862830000000372,
    "min": 0.046644000000014785
  },
  "interactive-short-3": {
    "average": 0.061293559999998026,
    "std": 0.029349218349837176,
    "max": 0.10854699999998729,
    "min": 0.05677400000001853
  },
  "interactive-short-4-creator": {
    "average": 0.0348891100000003,
    "std": 0.04743649057458959,
    "max": 0.45684800000003634,
    "min": 0.028890999999987343
  },
  "interactive-short-4": {
    "average": 0.028146089999999617,
    "std": 0.018693007965933737,
    "max": 0.044006000000024414,
    "min": 0.026008999999987736
  },
  "interactive-short-5": {
    "average": 0.0371656500000006,
    "std": 0.07642067106980868,
    "max": 0.570288000000005,
    "min": 0.02861700000005385
  },
  "interactive-short-6": {
    "average": 0.058692230000003176,
    "std": 0.08031771794527345,
    "max": 0.8032830000000217,
    "min": 0.047163000000011834
  },
  "interactive-short-7": {
    "average": 0.1175450399999977,
    "std": 0.08514839168850656,
    "max": 0.8336019999999849,
    "min": 0.10116500000003725
  }
}